City_ID,City,Country,Lat,Lng,Max Temp,Humidity,Cloudiness,Wind Speed,Current Description
0,Severo-Kurilsk,RU,50.6789,156.125,28.76,70,90,26.51,overcast clouds
1,Vanimo,PG,-2.6741,141.3028,76.95,92,100,9.75,overcast clouds
2,Harper,LR,4.375,-7.7169,79.95,80,48,4.43,scattered clouds
3,Iqaluit,CA,63.7506,-68.5145,-9.56,97,46,3.38,scattered clouds
4,Ostrovnoy,RU,68.0531,39.5131,16.75,94,100,5.44,light snow
5,Chumikan,RU,54.7183,135.315,-14.44,92,100,18.43,overcast clouds
6,Kapaa,US,22.0752,-159.319,78.78,73,90,4.0,light rain
7,Rikitea,PF,-23.1203,-134.9692,77.68,73,100,7.18,overcast clouds
8,Praia Da Vitoria,PT,38.7333,-27.0667,61.75,82,40,30.0,scattered clouds
9,Busselton,AU,-33.65,115.3333,83.05,41,54,3.53,broken clouds
10,Comodoro Rivadavia,AR,-45.8667,-67.5,62.46,63,0,14.97,clear sky
11,Airai,TL,-8.9266,125.4092,67.68,76,100,1.28,overcast clouds
12,Zalantun,CN,48.0,122.7167,-7.82,70,9,6.08,clear sky
13,Klaksvik,FO,62.2266,-6.589,32.92,67,85,20.85,overcast clouds
14,Hobart,AU,-42.8794,147.3294,75.02,43,75,1.99,broken clouds
15,Tura,IN,25.5198,90.2201,60.08,70,1,1.83,clear sky
16,Barrow,US,71.2906,-156.7887,-5.78,77,90,13.8,overcast clouds
17,Ribeira Grande,PT,38.5167,-28.7,60.48,80,22,37.29,few clouds
18,Bethel,US,41.3712,-73.414,34.36,57,75,1.99,broken clouds
19,Cape Town,ZA,-33.9258,18.4232,68.11,82,0,4.0,clear sky
20,Songjianghe,CN,42.1859,127.479,12.47,70,100,3.33,overcast clouds
21,Kudahuvadhoo,MV,2.6708,72.8944,82.09,70,82,9.28,broken clouds
22,Punta Arenas,CL,-53.15,-70.9167,57.31,51,40,17.27,scattered clouds
23,Yellowknife,CA,62.456,-114.3525,-19.59,85,75,4.61,mist
24,Upernavik,GL,72.7868,-56.1549,21.67,68,41,4.97,scattered clouds
25,Torbay,CA,47.6666,-52.7314,30.58,83,75,12.66,broken clouds
26,Arman,RU,59.7,150.1667,-0.94,78,100,14.38,overcast clouds
27,Beloha,MG,-25.1667,45.05,68.45,92,99,4.88,overcast clouds
28,Vardo,NO,70.3705,31.1107,22.33,75,100,13.82,snow
29,Bambous Virieux,MU,-20.3428,57.7575,78.22,94,75,8.05,broken clouds
30,Sabang,ID,5.8933,95.3214,80.24,67,99,6.33,overcast clouds
31,Port Alfred,ZA,-33.5906,26.891,65.82,87,88,9.46,light rain
32,Sept-Iles,CA,50.2001,-66.3821,19.83,84,90,5.99,snow
33,Tamandare,BR,-8.7597,-35.1047,78.37,84,80,7.31,broken clouds
34,Halifax,CA,44.6453,-63.5724,39.22,95,100,4.0,overcast clouds
35,San Patricio,US,28.017,-97.5169,68.09,84,0,8.41,clear sky
36,Tabou,CI,4.423,-7.3528,79.97,81,43,3.85,scattered clouds
37,Kaitangata,NZ,-46.2817,169.8464,64.92,43,89,9.51,overcast clouds
38,Sao Filipe,CV,14.8961,-24.4956,74.44,72,0,9.91,clear sky
39,Khatanga,RU,71.9667,102.5,-36.76,98,17,4.34,few clouds
40,Faya,SA,18.3851,42.4509,52.32,62,0,4.88,clear sky
41,Longyearbyen,SJ,78.2186,15.6401,6.64,61,0,11.5,clear sky
42,Nikolskoye,RU,59.7035,30.7861,14.81,95,100,6.42,overcast clouds
43,Yar-Sale,RU,66.8333,70.8333,23.65,96,100,15.5,light snow
44,Atuona,PF,-9.8,-139.0333,78.87,76,34,19.82,scattered clouds
45,Vestmannaeyjar,IS,63.4427,-20.2734,33.6,70,18,15.17,few clouds
46,Nanortalik,GL,60.1432,-45.2371,36.14,72,100,11.14,overcast clouds
47,New Norfolk,AU,-42.7826,147.0587,74.66,28,18,3.0,few clouds
48,Mataura,NZ,-46.1927,168.8643,61.48,47,100,8.39,overcast clouds
49,Bluff,NZ,-46.6,168.3333,61.81,63,13,24.14,few clouds
50,Ambulu,ID,-8.345,113.6058,84.7,74,68,2.24,broken clouds
51,Thompson,CA,55.7435,-97.8558,-32.64,75,1,0.0,clear sky
52,Visnes,NO,59.3556,5.2242,40.57,87,90,12.66,overcast clouds
53,Hermanus,ZA,-34.4187,19.2345,67.89,85,100,13.18,overcast clouds
54,Tiksi,RU,71.6872,128.8694,-13.95,97,100,7.61,overcast clouds
55,Jamestown,US,42.097,-79.2353,26.71,90,90,8.01,light snow
56,Shelburne,CA,44.0787,-80.2041,23.45,91,87,8.21,light snow
57,Tuktoyaktuk,CA,69.4541,-133.0374,-0.4,78,90,29.93,light snow
58,Zharkent,KZ,44.1628,80.0,30.63,59,84,2.73,broken clouds
59,Karratha,AU,-20.7377,116.8463,98.28,16,0,7.56,light rain
60,Kyotera,UG,-0.6156,31.5175,65.01,91,93,0.96,light rain
61,Mashhad,IR,36.297,59.6062,35.74,60,0,4.61,clear sky
62,Aasiaat,GL,68.7098,-52.8699,16.52,91,51,2.35,broken clouds
63,Richards Bay,ZA,-28.783,32.0377,68.5,93,89,3.18,overcast clouds
64,Asau,RO,46.4333,26.4,22.12,92,15,4.68,few clouds
65,Albany,US,42.6001,-73.9662,32.09,63,64,1.01,light snow
66,Tasiilaq,GL,65.6145,-37.6368,23.16,52,0,5.79,clear sky
67,Guarapari,BR,-20.6667,-40.4975,78.69,96,92,7.05,moderate rain
68,Shirokiy,RU,49.758,129.523,-24.83,90,85,5.64,overcast clouds
69,Kangaatsiaq,GL,68.3065,-53.4641,24.4,94,78,3.74,broken clouds
70,Avarua,CK,-21.2078,-159.775,75.25,94,75,8.05,moderate rain
71,Saint-Philippe,RE,-21.3585,55.7679,76.59,86,86,10.29,overcast clouds
72,Ushuaia,AR,-54.8,-68.3,55.06,44,20,21.85,few clouds
73,Nageshwari,BD,25.9377,89.7148,61.99,64,4,5.3,clear sky
74,Port Elizabeth,ZA,-33.918,25.5701,64.09,94,40,6.91,light rain
75,Prestea,GH,5.4327,-2.1428,73.22,86,87,0.27,overcast clouds
76,Ust-Nera,RU,64.5667,143.2,-43.22,96,75,2.51,broken clouds
77,Tulum,MX,20.2167,-87.4667,73.92,73,0,6.04,clear sky
78,La Ronge,CA,55.1001,-105.2842,-0.15,78,90,9.22,light snow
79,Bredasdorp,ZA,-34.5322,20.0403,65.52,82,100,11.5,light rain
80,Ak-Dovurak,RU,51.1833,90.6,-4.45,96,98,0.85,overcast clouds
81,Hasaki,JP,35.7333,140.8333,48.6,43,1,9.33,clear sky
82,East London,ZA,-33.0153,27.9116,66.49,87,76,7.11,light rain
83,Puerto Ayora,EC,-0.7393,-90.3518,69.78,91,98,6.24,overcast clouds
84,Birjand,IR,32.8663,59.2211,25.27,58,0,6.91,clear sky
85,Mitsamiouli,KM,-11.3847,43.2844,81.0,76,50,6.51,scattered clouds
86,Talcahuano,CL,-36.7167,-73.1167,56.88,88,90,12.66,overcast clouds
87,Mandalgovi,MN,45.7625,106.2708,3.85,53,6,9.22,clear sky
88,Talnakh,RU,69.4865,88.3972,7.21,95,100,18.03,snow
89,Iwanai,JP,42.9744,140.5089,27.01,70,100,14.56,light snow
90,Bowen,AU,-20.0167,148.2333,93.42,58,0,8.75,clear sky
91,Haines Junction,CA,60.7522,-137.5108,-29.25,68,85,2.3,overcast clouds
92,Sur,OM,22.5667,59.5289,71.85,48,40,0.72,scattered clouds
93,Inhambane,MZ,-23.865,35.3833,74.5,81,100,10.89,overcast clouds
94,Talara,PE,-4.5772,-81.2719,68.45,87,91,2.71,overcast clouds
95,Rocha,UY,-34.4833,-54.3333,59.58,92,0,2.1,clear sky
96,Ayame,CI,5.6083,-3.1563,74.88,95,41,1.95,scattered clouds
97,Buraydah,SA,26.326,43.975,52.25,22,92,6.98,overcast clouds
98,Saint-Leu,RE,-21.15,55.2833,76.06,85,100,11.41,overcast clouds
99,Arraial Do Cabo,BR,-22.9661,-42.0278,74.91,94,100,7.85,overcast clouds
100,Taoudenni,ML,22.6783,-3.9836,67.89,28,100,11.05,overcast clouds
101,San Quintin,MX,30.4833,-115.95,60.08,77,100,5.46,overcast clouds
102,Kitovo,RU,56.8659,41.2825,-9.83,99,86,5.28,overcast clouds
103,Mount Isa,AU,-20.7333,139.5,101.97,17,0,8.05,clear sky
104,Matata,NZ,-37.8833,176.75,83.34,54,100,7.65,overcast clouds
105,Bengkulu,ID,-3.8004,102.2655,78.46,83,95,8.01,overcast clouds
106,Saint-Louis,SN,16.3333,-15.0,74.53,22,77,9.57,broken clouds
107,Vaini,TO,-21.2,-175.2,87.96,55,40,9.22,scattered clouds
108,Miguel Calmon,BR,-11.4289,-40.595,68.41,92,70,1.21,broken clouds
109,Qaanaaq,GL,77.484,-69.3632,24.94,59,100,13.53,overcast clouds
110,Elizabeth City,US,36.2946,-76.2511,46.02,92,1,0.0,clear sky
111,Soddy-Daisy,US,35.2359,-85.1908,39.24,64,0,3.36,clear sky
112,Beidao,CN,34.5686,105.8933,40.44,56,100,1.41,overcast clouds
113,Pedra Azul,BR,-16.0053,-41.2972,66.6,98,100,2.86,light rain
114,Severnyy,RU,50.677,36.5532,1.44,85,75,6.71,broken clouds
115,Castro,BR,-24.7911,-50.0119,61.66,94,100,2.95,overcast clouds
116,Cherskiy,RU,68.75,161.3,-24.93,99,100,2.8,overcast clouds
117,Butaritari,KI,3.0707,172.7902,81.14,76,98,5.64,overcast clouds
118,Chuy,UY,-33.6971,-53.4616,63.77,80,0,7.18,clear sky
119,Kavieng,PG,-2.5744,150.7967,84.29,76,100,6.82,light rain
120,Pemangkat,ID,1.1667,108.9667,82.38,75,16,5.66,few clouds
121,General Pico,AR,-35.6566,-63.7568,72.19,41,0,4.85,clear sky
122,Lagoa,PT,39.05,-27.9833,58.53,82,60,44.67,broken clouds
123,Lusambo,CD,-4.9667,23.45,69.76,100,100,1.23,moderate rain
124,Obando,PH,14.7167,120.9333,85.19,74,88,11.01,overcast clouds
125,Kendari,ID,-3.945,122.4989,86.11,66,100,2.62,moderate rain
126,Melito Di Porto Salvo,IT,37.9222,15.7714,53.15,81,75,4.61,broken clouds
127,Grindavik,IS,63.8424,-22.4338,31.95,74,0,6.91,clear sky
128,Clyde River,CA,70.4692,-68.5914,14.23,73,77,24.16,light snow
129,Mezen,RU,65.8522,44.24,7.84,97,100,5.93,overcast clouds
130,Bloomingdale,US,27.8936,-82.2404,60.85,90,1,0.0,clear sky
131,Saint George,US,37.1041,-113.5841,51.35,56,1,1.99,clear sky
132,Ocos,GT,14.5094,-92.1933,80.31,72,6,1.43,clear sky
133,Chokurdakh,RU,70.6333,147.9167,-21.37,98,100,5.68,overcast clouds
134,Lake Havasu City,US,34.4839,-114.3224,60.1,32,1,1.01,clear sky
135,Isetskoye,RU,56.4858,65.3226,0.43,94,6,8.19,clear sky
136,Te Anau,NZ,-45.4167,167.7167,61.0,46,64,7.09,broken clouds
137,Agadir,MA,30.4202,-9.5982,55.85,66,3,3.91,clear sky
138,Acopiara,BR,-6.0953,-39.4525,79.83,63,100,8.55,overcast clouds
139,Leningradskiy,RU,69.3833,178.4167,-16.91,98,100,8.46,overcast clouds
140,Marfino,RU,55.7028,37.3822,4.95,81,75,8.95,light snow
141,Guerrero Negro,MX,27.9769,-114.0611,62.76,75,100,9.17,overcast clouds
142,Santiago Del Estero,AR,-27.7951,-64.2615,72.81,56,20,9.86,few clouds
143,Rapid City,US,44.0805,-103.231,49.26,38,75,1.01,broken clouds
144,Huarmey,PE,-10.0681,-78.1522,69.24,84,84,5.5,broken clouds
145,Taltal,CL,-25.4,-70.4833,66.34,77,94,1.32,overcast clouds
146,Japura,ID,-0.3167,102.35,78.42,89,97,2.13,moderate rain
147,Faanui,PF,-16.4833,-151.75,82.09,71,100,10.04,light rain
148,Fairbanks,US,64.8378,-147.7164,1.24,81,20,6.91,few clouds
149,Satellite Beach,US,28.1761,-80.5901,59.02,85,1,1.01,clear sky
150,Lebu,CL,-37.6167,-73.65,56.39,94,26,13.13,scattered clouds
151,Sobolevo,RU,54.4299,31.8996,7.07,97,93,7.07,overcast clouds
152,Provideniya,RU,64.3833,-173.3,5.36,85,90,26.84,light snow
153,Pacific Grove,US,36.6177,-121.9166,59.67,91,100,3.0,overcast clouds
154,Trelew,AR,-43.249,-65.3051,65.39,63,0,16.8,clear sky
155,Geraldton,AU,-28.7667,114.6,86.41,42,6,9.22,clear sky
156,Ous,RU,60.9058,61.5186,-9.96,96,78,4.05,broken clouds
157,Susangerd,IR,31.5608,48.1831,54.68,57,0,8.46,clear sky
158,Mercedes,AR,-34.6515,-59.4307,77.18,60,36,6.22,scattered clouds
159,Iquitos,PE,-3.7481,-73.2472,77.04,88,90,2.3,heavy intensity rain
160,Wad Madani,SD,14.4012,33.5199,69.3,20,92,14.45,overcast clouds
161,Columbus,US,39.9612,-82.9988,26.71,77,20,6.91,few clouds
162,Sistranda,NO,63.7256,8.834,32.9,71,90,7.52,overcast clouds
163,Lompoc,US,34.6391,-120.4579,58.12,91,90,0.0,light rain
164,Puerto Colombia,CO,10.9878,-74.9547,78.89,85,90,8.55,overcast clouds
165,Lavrentiya,RU,65.5833,-171.0,-2.42,96,100,12.93,light snow
166,Male,MV,4.1748,73.5089,82.35,78,20,10.36,haze
167,Raga,SS,8.4596,25.678,71.53,21,97,7.74,overcast clouds
168,Hithadhoo,MV,-0.6,73.0833,81.12,73,74,3.44,broken clouds
169,Gravdal,NO,68.1214,13.5031,32.07,82,92,25.93,light snow
170,Buchanan,LR,5.8808,-10.0467,78.19,83,29,1.54,scattered clouds
171,Port Hedland,AU,-20.3167,118.5667,91.45,66,0,14.97,clear sky
172,Kidal,ML,18.4411,1.4078,65.32,12,100,10.94,overcast clouds
173,Kodiak,US,57.79,-152.4072,47.71,66,90,9.22,overcast clouds
174,Betsiamites,CA,48.9413,-68.646,26.69,95,100,11.23,light snow
175,Cabo Rojo,PR,18.0866,-67.1457,77.22,85,58,7.52,broken clouds
176,Sidi Ali,DZ,36.0998,0.4206,54.39,85,57,3.38,broken clouds
177,Camrose,CA,53.0168,-112.8353,17.33,87,100,8.68,overcast clouds
178,Manbij,SY,36.5281,37.9549,38.17,52,98,9.55,overcast clouds
179,Olinda,BR,-8.0089,-34.8553,82.13,78,40,5.75,scattered clouds
180,Atbasar,KZ,51.8,68.3333,17.22,97,100,4.23,overcast clouds
181,Esperance,AU,-33.8667,121.9,76.84,57,44,12.46,scattered clouds
182,Saskylakh,RU,71.9167,114.0833,-31.68,100,31,3.69,scattered clouds
183,Birao,CF,10.2849,22.7882,70.38,18,35,9.91,scattered clouds
184,Yaan,NG,7.3833,8.5667,78.28,27,78,4.52,broken clouds
185,Mahebourg,MU,-20.4081,57.7,78.26,94,75,8.05,broken clouds
186,Meulaboh,ID,4.1363,96.1285,80.71,75,99,2.42,overcast clouds
187,Corinto,GR,37.9407,22.9573,49.89,80,100,5.01,overcast clouds
188,Salym,RU,60.0625,71.4789,23.38,92,100,11.61,overcast clouds
189,Khrebtovaya,RU,56.7032,104.2494,-26.63,94,6,2.53,clear sky
190,Cabo San Lucas,MX,22.8909,-109.9124,73.51,60,1,3.44,clear sky
191,Havelock,US,34.8791,-76.9013,46.92,87,1,0.0,clear sky
192,Mocuba,MZ,-16.8392,36.9856,72.93,90,95,3.24,overcast clouds
193,Luderitz,NA,-26.6481,15.1594,59.5,86,6,3.11,clear sky
194,Kuna,US,43.4918,-116.4201,43.2,79,1,3.0,clear sky
195,Hadejia,NG,12.4498,10.0444,63.01,22,68,9.98,broken clouds
196,Hilo,US,19.7297,-155.09,72.28,43,90,0.0,light rain
197,Port Hawkesbury,CA,45.6169,-61.3485,39.15,98,90,13.0,mist
198,Ler,SS,8.3018,30.1418,76.59,31,41,9.4,scattered clouds
199,Hamilton,US,39.1834,-84.5333,29.93,67,1,0.0,clear sky
200,Benguela,AO,-12.5763,13.4055,72.97,78,90,2.55,overcast clouds
201,Dikson,RU,73.5069,80.5464,1.65,82,100,18.7,overcast clouds
202,Lucapa,AO,-8.4192,20.7447,65.25,98,100,3.04,overcast clouds
203,Norman Wells,CA,65.282,-126.8329,-7.56,77,75,3.44,light snow
204,Krasnoselkup,RU,65.7,82.4667,7.36,87,100,25.61,overcast clouds
205,Alice Springs,AU,-23.7,133.8833,92.75,29,94,6.91,overcast clouds
206,Saldanha,ZA,-33.0117,17.9442,64.45,95,41,7.4,scattered clouds
207,Djenne,ML,13.9061,-4.5533,71.6,14,100,8.5,overcast clouds
208,Apiai,BR,-24.5094,-48.8425,60.96,100,100,1.5,overcast clouds
209,Shimoda,JP,34.6667,138.95,55.51,61,93,10.58,overcast clouds
210,Guilin,CN,25.2819,110.2864,53.71,49,0,1.03,clear sky
211,Rzhaksa,RU,52.1338,42.0264,-8.3,99,67,7.05,broken clouds
212,Saint-Augustin,CA,51.226,-58.6502,18.23,78,100,18.86,overcast clouds
213,Rock Springs,US,41.5875,-109.2029,31.44,40,20,9.22,few clouds
214,Leigh,GB,53.4833,-2.5167,43.23,94,100,4.0,overcast clouds
215,Deputatskiy,RU,69.3,139.9,-22.72,96,99,5.32,overcast clouds
216,Ayan,RU,56.45,138.1667,-17.72,69,28,13.29,scattered clouds
217,Kaspiysk,RU,42.8816,47.6392,24.98,62,20,0.0,few clouds
218,Makushino,RU,55.2103,67.2442,1.72,95,87,6.46,overcast clouds
219,Hofn,IS,64.2539,-15.2082,33.98,69,100,19.42,overcast clouds
220,Pilar,BR,-9.5972,-35.9567,78.73,84,98,6.22,overcast clouds
221,Ust-Uda,RU,54.1742,103.0304,-19.08,91,6,1.79,clear sky
222,Palana,RU,59.1167,159.9667,6.21,82,100,15.55,overcast clouds
223,Sayyan,YE,15.1718,44.3244,46.81,37,4,1.52,clear sky
224,Moose Factory,CA,51.2585,-80.6094,-11.2,77,1,9.22,clear sky
225,Pinerolo,IT,44.8833,7.35,39.96,77,100,1.01,overcast clouds
226,Veraval,IN,20.9,70.3667,68.18,75,0,5.26,clear sky
227,Rayevskiy,RU,54.0658,54.9468,11.41,96,100,5.75,light snow
228,San-Pedro,CI,4.7485,-6.6363,77.94,85,19,0.2,few clouds
229,Raudeberg,NO,61.9875,5.1352,36.27,96,66,1.01,broken clouds
230,Ngong,KE,-1.3618,36.6566,60.78,92,97,6.53,overcast clouds
231,Cidreira,BR,-30.1811,-50.2056,68.58,75,0,9.71,clear sky
232,Nadym,RU,65.5333,72.5167,21.6,91,100,24.7,overcast clouds
233,Maragogi,BR,-9.0122,-35.2225,78.04,85,87,6.82,overcast clouds
234,Waingapu,ID,-9.6567,120.2641,88.88,65,72,8.77,broken clouds
235,Callaway,US,30.153,-85.5699,54.91,76,1,1.99,clear sky
236,Egvekinot,RU,66.3167,-179.1667,-11.51,96,100,14.2,light snow
237,Kamyaran,IR,34.7956,46.9355,26.55,90,42,3.33,scattered clouds
238,Kargasok,RU,59.0556,80.8572,8.26,89,96,15.61,overcast clouds
239,Alexandria,EG,31.2156,29.9553,53.56,87,40,4.61,scattered clouds
240,Pisco,PE,-13.7,-76.2167,66.25,88,0,11.5,clear sky
241,Sitka,US,57.0531,-135.33,28.29,50,1,4.61,clear sky
242,Kibre Mengist,ET,5.8833,38.9833,53.67,85,99,3.0,overcast clouds
243,Chicama,PE,-7.8447,-79.1469,64.94,84,23,4.7,few clouds
244,Soyo,AO,-6.1349,12.3689,78.17,88,100,7.14,overcast clouds
245,Dzilam Gonzalez,MX,21.2833,-88.9333,65.73,70,5,3.98,clear sky
246,Balkanabat,TM,39.5108,54.3671,42.08,76,96,4.65,overcast clouds
247,Poum,NC,-20.2333,164.0167,81.03,76,8,7.25,clear sky
248,Havoysund,NO,70.9963,24.6622,16.68,67,100,27.89,light snow
249,Isangel,VU,-19.55,169.2667,84.31,79,75,2.3,broken clouds
250,Fougamou,GA,-1.2154,10.5838,74.39,98,99,1.5,light rain
251,Byron Bay,AU,-28.65,153.6167,86.11,72,94,9.17,light rain
252,Novovarshavka,RU,54.1721,74.6946,31.01,96,100,8.5,overcast clouds
253,Banda Aceh,ID,5.5577,95.3222,80.26,74,100,7.02,overcast clouds
254,Grand Gaube,MU,-20.0064,57.6608,78.39,86,100,3.0,light rain
255,Ponta Delgada,PT,37.7333,-25.6667,63.32,67,75,27.63,broken clouds
256,Vila,PT,42.0304,-8.1588,49.33,85,100,5.46,light rain
257,Coquimbo,CL,-29.9533,-71.3436,60.53,82,0,4.61,clear sky
258,Lahaina,US,20.8783,-156.6825,74.44,91,96,12.77,overcast clouds
259,Yulara,AU,-25.2406,130.9889,84.04,42,75,6.91,broken clouds
260,Basco,PH,20.4487,121.9702,77.61,78,77,17.49,broken clouds
261,Ponta Do Sol,PT,32.6667,-17.1,67.01,88,100,5.77,overcast clouds
262,Shingu,JP,33.7333,135.9833,54.59,52,0,3.18,clear sky
263,Almenara,BR,-16.1836,-40.6944,71.01,98,97,2.42,overcast clouds
264,Den Helder,NL,52.9599,4.7593,35.58,80,90,5.75,overcast clouds
265,Senanga,ZM,-16.1167,23.2667,66.72,89,98,4.12,overcast clouds
266,Christchurch,NZ,-43.5333,172.6333,67.91,60,75,7.0,broken clouds
267,Tuatapere,NZ,-46.1333,167.6833,60.82,50,84,12.48,broken clouds
268,Kalmunai,LK,7.4167,81.8167,77.45,74,90,7.63,overcast clouds
269,Jumla,NP,29.2747,82.1838,40.73,33,0,0.4,clear sky
270,Zambezi,ZM,-13.5432,23.1047,64.17,98,97,6.31,overcast clouds
271,Road Town,VG,18.4167,-64.6167,78.84,89,20,10.36,few clouds
272,Tiznit,MA,29.5833,-9.5,58.68,58,4,1.28,clear sky
273,Jandaia Do Sul,BR,-23.6031,-51.6433,81.25,61,44,4.54,scattered clouds
274,Zalari,RU,53.5584,102.5065,-20.51,95,12,4.25,few clouds
275,Constitucion,CL,-35.3333,-72.4167,55.58,90,60,6.29,broken clouds
276,Ushumun,RU,52.7833,126.5333,-20.72,64,12,8.48,few clouds
277,Salta,AR,-24.7859,-65.4117,70.09,88,90,1.99,overcast clouds
278,College,US,64.8569,-147.8028,2.28,82,90,3.44,overcast clouds
279,Alta Floresta,BR,-9.8756,-56.0861,71.73,100,100,2.73,moderate rain
280,Muncar,ID,-8.4333,114.3333,86.16,67,99,2.68,overcast clouds
281,Natal,BR,-5.795,-35.2094,80.82,89,40,3.44,scattered clouds
282,Kloulklubed,PW,7.0419,134.2556,84.7,73,70,7.38,broken clouds
283,Hualmay,PE,-11.0964,-77.6139,68.49,85,58,6.33,broken clouds
284,Labuhan,ID,-6.8844,112.2051,86.02,66,96,4.56,overcast clouds
285,Sarkhej,IN,22.9833,72.5,53.73,87,1,0.0,mist
286,Baghdad,IQ,33.3406,44.4009,49.91,66,0,6.91,clear sky
287,Carnarvon,AU,-24.8667,113.6333,80.67,65,40,18.41,scattered clouds
288,Souillac,MU,-20.5167,57.5167,78.37,94,75,8.05,broken clouds
289,Nizhniy Baskunchak,RU,48.2198,46.8311,12.4,75,51,12.26,broken clouds
290,Dunedin,NZ,-45.8742,170.5036,60.04,63,100,7.38,overcast clouds
291,Lazaro Cardenas,MX,17.9583,-102.2,76.05,83,2,3.6,clear sky
292,Imeni Poliny Osipenko,RU,52.4201,136.4853,-11.85,92,100,4.29,overcast clouds
293,Smoky Lake,CA,54.1169,-112.4686,11.48,85,100,9.22,light snow
294,Acarau,BR,-2.8856,-40.12,79.99,81,52,13.33,broken clouds
295,Celestun,MX,20.8667,-90.4,69.82,65,0,9.53,clear sky
296,Srednekolymsk,RU,67.45,153.6833,-23.84,98,100,7.61,overcast clouds
297,Aykhal,RU,66.0,111.5,-21.69,99,5,5.59,clear sky
298,Cockburn Town,TC,21.4612,-71.1419,79.07,72,11,6.78,few clouds
299,Paamiut,GL,61.994,-49.6678,33.12,94,100,4.27,light snow
300,Okhotsk,RU,59.3833,143.3,5.49,74,100,16.26,overcast clouds
301,Kirensk,RU,57.7853,108.1119,-42.18,100,63,0.96,broken clouds
302,Pergamino,AR,-33.89,-60.5736,74.25,34,13,7.67,few clouds
303,Sagaing,MM,21.8787,95.9797,69.69,74,4,2.91,clear sky
304,Nemuro,JP,43.3236,145.575,32.43,66,99,9.53,overcast clouds
305,Goderich,CA,43.7501,-81.7165,26.92,63,100,18.41,overcast clouds
306,Boysun,UZ,38.2061,67.1986,42.08,73,92,2.19,overcast clouds
307,Narsaq,GL,60.9167,-46.05,44.82,64,100,13.24,light rain
308,Qaqortoq,GL,60.7167,-46.0333,45.1,55,100,13.33,overcast clouds
309,Kyzyl-Suu,KG,42.3414,78.0056,25.72,59,63,7.58,broken clouds
310,Sao Felix Do Xingu,BR,-6.6447,-51.995,73.17,96,100,0.38,light rain
311,Haljala,EE,59.4336,26.2614,21.4,80,98,15.88,light snow
312,Antalaha,MG,-14.9003,50.2788,77.34,91,80,4.88,broken clouds
313,Abaza,RU,52.655,90.0928,1.45,95,43,2.93,scattered clouds
314,Launceston,AU,-41.45,147.1667,71.62,40,40,3.0,scattered clouds
315,Srandakan,ID,-7.9386,110.2506,83.37,73,98,6.29,overcast clouds
316,Orlik,RU,52.5178,99.825,-15.38,99,99,1.43,overcast clouds
317,Caravelas,BR,-17.7125,-39.2481,75.58,92,81,11.48,heavy intensity rain
318,Pevek,RU,69.7008,170.3133,-16.22,100,100,2.39,overcast clouds
319,Port Hardy,CA,50.6996,-127.4199,39.2,100,75,6.91,broken clouds
320,Vao,NC,-22.6667,167.4833,76.41,70,0,11.21,clear sky
321,Umm Lajj,SA,25.0213,37.2685,64.31,49,5,12.66,clear sky
322,Martapura,ID,-3.4167,114.85,75.29,94,40,8.05,scattered clouds
323,Cavalcante,BR,-13.7975,-47.4583,68.65,94,67,1.36,broken clouds
324,Puro,PH,12.4841,123.3827,82.98,68,100,8.48,overcast clouds
325,Salalah,OM,17.0151,54.0924,68.09,60,0,1.14,clear sky
326,Poya,NC,-21.35,165.15,83.53,69,46,6.06,scattered clouds
327,Namie,JP,37.4833,141.0,49.98,36,7,3.76,clear sky
328,Fare,PF,-16.7,-151.0167,80.06,77,73,12.24,moderate rain
329,Manono,CD,-7.3,27.4167,68.76,98,100,2.46,overcast clouds
330,Tezu,IN,27.9167,96.1667,65.59,47,29,2.64,scattered clouds
331,Vila Velha,BR,-20.3297,-40.2925,78.75,88,75,5.01,light rain
332,Agirish,RU,61.9247,63.0231,-5.4,95,100,4.16,overcast clouds
333,Lanzhou,CN,36.0564,103.7922,31.28,25,100,1.57,overcast clouds
334,Gubskaya,RU,44.3164,40.6358,9.66,92,69,5.01,broken clouds
335,Ahuimanu,US,21.4447,-157.8378,78.51,67,75,4.0,mist
336,West Wendover,US,40.7391,-114.0733,25.81,80,90,0.0,overcast clouds
337,Zhigansk,RU,66.7697,123.3711,-49.65,99,70,3.0,broken clouds
338,Meridian,US,43.6121,-116.3915,43.5,78,1,5.01,clear sky
339,Berwick,US,41.0545,-76.2333,32.14,54,6,4.0,clear sky
340,Sorland,NO,67.667,12.6934,33.67,93,100,26.28,light rain
341,Hirara,JP,24.8,125.2833,73.67,88,75,17.27,broken clouds
342,Parvatipuram,IN,18.7833,83.4333,66.43,45,0,3.02,clear sky
343,Esmeraldas,BR,-19.7625,-44.3139,76.06,93,15,1.99,few clouds
344,San Carlos De Bariloche,AR,-41.1456,-71.3082,67.75,30,20,3.44,few clouds
345,Hurghada,EG,27.2574,33.8129,58.89,67,68,19.35,broken clouds
346,Macherla,IN,16.4833,79.4333,69.21,44,6,0.65,clear sky
347,Berlevag,NO,70.8578,29.0864,18.48,85,100,2.84,snow
348,Khuzdar,PK,27.7384,66.6434,54.64,76,1,3.94,clear sky
349,Maua,BR,-23.6678,-46.4614,70.36,91,100,7.34,light rain
350,Jieshi,CN,22.8134,115.8257,63.95,66,82,11.88,broken clouds
351,Asfi,MA,32.2994,-9.2372,62.01,92,41,7.85,scattered clouds
352,La Palma,US,33.8464,-118.0467,65.82,71,90,0.0,overcast clouds
353,Port Lincoln,AU,-34.7333,135.8667,66.99,62,12,13.71,few clouds
354,Ryotsu,JP,38.0833,138.4333,39.16,64,99,9.15,light rain
355,Nuuk,GL,64.1835,-51.7216,32.61,93,90,8.05,overcast clouds
356,Laguna,US,38.421,-121.4238,55.22,92,90,1.01,mist
357,Dingle,PH,10.9995,122.6711,83.34,73,67,11.32,broken clouds
358,Melton Mowbray,GB,52.7659,-0.8869,40.82,94,100,7.02,light rain
359,Codrington,AU,-38.2667,141.9667,64.94,52,95,11.16,overcast clouds
360,Luanda,AO,-8.8368,13.2343,77.0,88,75,9.22,broken clouds
361,Camapua,BR,-19.5314,-54.0439,72.16,94,100,5.1,light rain
362,Barsi,IN,18.2333,75.7,70.57,40,0,2.37,clear sky
363,Rio Tercero,AR,-32.173,-64.1141,71.8,45,53,5.23,broken clouds
364,Akom,CM,2.6678,12.7109,72.84,52,100,3.09,overcast clouds
365,Broken Hill,AU,-31.95,141.4333,89.31,18,99,11.5,overcast clouds
366,Kutum,SD,14.2,24.6667,56.14,18,0,5.44,clear sky
367,Margate,GB,51.3813,1.3862,41.04,66,100,15.12,overcast clouds
368,Victoria,HK,22.2855,114.1577,71.26,72,100,7.0,overcast clouds
369,Hami,CN,42.8,93.45,27.39,49,1,3.98,clear sky
370,Marzuq,YE,14.4,46.4667,59.2,48,7,1.59,clear sky
371,Kant,IN,27.8,79.8,57.02,46,10,3.27,clear sky
372,Prince Rupert,CA,54.3161,-130.3201,35.29,96,1,4.61,clear sky
373,Rock Sound,BS,24.9,-76.2,73.51,63,91,16.8,overcast clouds
374,Mingyue,CN,43.1069,128.9217,10.78,44,86,6.96,overcast clouds
375,Arlit,NE,18.7369,7.3853,60.96,15,87,9.33,overcast clouds
376,Baruun-Urt,MN,46.6806,113.2792,-1.93,69,57,10.36,broken clouds
377,Pokaran,IN,26.9167,71.9167,63.91,78,5,6.2,clear sky
378,Fortuna,US,40.5982,-124.1573,52.93,94,90,5.01,moderate rain
379,San Cristobal,VE,7.7669,-72.225,73.58,93,100,1.95,overcast clouds
380,Esso,RU,55.9333,158.7,6.19,96,99,3.62,overcast clouds
381,Azangaro,PE,-14.9167,-70.2167,39.25,92,100,4.7,overcast clouds
382,Muli,MV,2.9167,73.5667,82.15,70,51,8.93,broken clouds
383,Los Llanos De Aridane,ES,28.6585,-17.9182,59.13,87,0,7.0,clear sky
384,Trinidad,BO,-14.8333,-64.9,73.44,99,100,2.42,light rain
385,Kingman,US,35.1894,-114.053,53.13,32,1,9.22,clear sky
386,Ha Tinh,VN,18.3333,105.9,70.99,73,61,3.69,broken clouds
387,High Level,CA,58.5169,-117.136,-0.29,92,90,6.91,light snow
388,Ancud,CL,-41.8697,-73.8203,54.93,95,10,0.85,clear sky
389,Dali,CN,25.7,100.1833,50.49,65,11,2.68,few clouds
390,Portland,US,45.5234,-122.6762,48.24,93,75,1.99,broken clouds
391,Santo Domingo,DO,18.5001,-69.9886,73.08,94,20,0.0,few clouds
392,Munchberg,DE,50.2,11.7833,24.57,88,75,5.99,broken clouds
393,Cap Malheureux,MU,-19.9842,57.6142,79.47,86,100,5.01,light rain
394,Lukovetskiy,RU,64.2956,41.9211,17.58,94,100,6.31,overcast clouds
395,Alugan,PH,12.2188,125.4808,81.46,71,99,8.25,overcast clouds
396,Constanza,DE,47.6603,9.1758,29.05,88,100,1.01,overcast clouds
397,Gardiner,US,44.2301,-69.7753,34.25,88,90,1.01,overcast clouds
398,Marawi,PH,7.9986,124.2928,72.64,68,100,4.7,overcast clouds
399,Bam,IR,29.106,58.357,53.35,41,82,2.08,broken clouds
400,Glendive,US,47.1053,-104.7125,40.17,86,1,9.22,clear sky
401,Mae Ramat,TH,16.984,98.5166,70.12,60,31,1.45,scattered clouds
402,Rosetta,EG,31.4044,30.4164,53.42,81,83,7.05,broken clouds
403,Namibe,AO,-15.1961,12.1522,67.39,73,42,7.61,scattered clouds
404,Zhaodong,CN,46.0833,125.9833,-5.78,86,90,4.36,overcast clouds
405,Pitimbu,BR,-7.4706,-34.8086,81.19,81,96,8.75,overcast clouds
406,Luklukan,PH,14.3254,122.7124,80.85,79,100,7.23,overcast clouds
407,Xiamen,CN,24.4798,118.0819,64.45,55,90,4.47,overcast clouds
408,Broome,US,42.2506,-75.833,30.45,68,90,7.0,light snow
409,Itacarambi,BR,-15.1022,-44.0919,70.39,98,49,3.4,moderate rain
410,Caraballeda,VE,10.6112,-66.8522,82.36,82,75,6.91,broken clouds
411,Leh,IN,34.1667,77.5833,12.56,83,100,1.92,overcast clouds
412,Passy,FR,45.9203,6.6877,32.04,52,100,6.53,overcast clouds
413,Mehamn,NO,71.0357,27.8492,18.59,94,98,15.93,light snow
414,Oster,UA,50.9506,30.8823,14.11,89,90,7.54,overcast clouds
415,Azuqueca De Henares,ES,40.5669,-3.2599,51.75,90,38,4.07,scattered clouds
416,Gobabis,NA,-22.45,18.9667,62.51,21,0,5.7,clear sky
417,Saurimo,AO,-9.6608,20.3916,63.54,98,100,1.43,light rain
418,Clarence Town,AU,-32.5833,151.7833,79.29,90,100,5.77,heavy intensity rain
419,Mount Gambier,AU,-37.8333,140.7667,67.91,49,78,12.66,broken clouds
420,Kruisfontein,ZA,-34.0033,24.7314,61.88,88,99,7.87,light rain
421,Touros,BR,-5.1989,-35.4608,79.7,81,97,9.91,overcast clouds
422,Kizner,RU,56.2749,51.508,-3.12,97,96,1.95,overcast clouds
423,Bolobo,CD,-2.1667,16.2333,75.74,83,100,2.71,overcast clouds
424,Balky,UA,47.3834,34.944,14.45,75,79,9.73,broken clouds
425,Turba,EE,59.0831,24.225,27.45,93,90,16.11,light snow
426,Lugovskoy,RU,56.9585,64.529,7.02,95,7,5.99,clear sky
427,Aklavik,CA,68.2191,-135.0107,-8.68,86,98,9.78,overcast clouds
428,Pochutla,MX,15.7432,-96.4661,77.85,88,15,1.99,few clouds
429,Sfantu Gheorghe,RO,45.8667,25.7833,13.82,94,83,1.23,broken clouds
430,Abu Zabad,SD,12.35,29.25,62.22,16,23,14.0,few clouds
431,La Orilla,MX,17.9833,-102.2333,75.4,84,3,3.67,clear sky
432,San Jose,US,37.3394,-121.895,60.94,86,90,12.66,overcast clouds
433,Bandarbeyla,SO,9.4942,50.8122,75.15,71,71,12.19,broken clouds
434,Flinders,AU,-34.5833,150.8552,76.21,93,100,8.61,overcast clouds
435,Sechura,PE,-5.5569,-80.8222,69.96,78,97,6.76,overcast clouds
436,Vangaindrano,MG,-23.35,47.6,74.44,86,26,3.87,scattered clouds
437,Mar Del Plata,AR,-38.0023,-57.5575,65.08,82,0,3.0,clear sky
438,Culebra,PR,18.303,-65.301,78.01,79,44,5.99,scattered clouds
439,Pacifica,US,37.6138,-122.4869,60.8,96,90,3.0,mist
440,Trat,TH,12.5,102.5,84.25,64,100,4.83,overcast clouds
441,Saint-Pierre,RE,-21.3393,55.4781,76.68,83,0,3.44,clear sky
442,Puerto Rondon,CO,6.2805,-71.1,82.09,58,100,5.14,overcast clouds
443,Orapa,BW,-21.2833,25.3667,72.91,77,92,7.85,overcast clouds
444,Puerto Leguizamo,CO,-0.1934,-74.7819,76.6,85,100,2.24,overcast clouds
445,Svetlyy,RU,54.675,20.1347,26.65,89,100,14.67,overcast clouds
446,Madimba,TZ,-10.4,40.3333,76.75,86,90,1.61,overcast clouds
447,Galveston,US,29.3669,-94.9669,64.96,84,1,11.5,clear sky
448,Slave Lake,CA,55.2834,-114.769,10.38,85,90,8.05,light snow
449,Aswan,EG,24.0934,32.907,49.82,67,37,9.04,scattered clouds
450,Hanna,CA,51.6334,-111.9018,17.62,98,100,5.01,overcast clouds
451,Tarko-Sale,RU,64.9225,77.785,15.37,86,100,28.01,overcast clouds
452,Ilulissat,GL,69.2167,-51.1,35.62,44,17,20.71,few clouds
453,Thinadhoo,MV,0.5333,72.9333,80.4,74,89,3.49,overcast clouds
454,Lorengau,PG,-2.0226,147.2712,83.52,80,100,11.07,overcast clouds
455,Saint-Joseph,RE,-21.3667,55.6167,75.58,82,95,2.95,overcast clouds
456,Salina Cruz,MX,16.1667,-95.2,75.94,69,0,18.45,clear sky
457,Muros,ES,42.7762,-9.0603,60.24,92,100,17.49,light rain
458,Vagay,RU,57.9375,69.0217,8.38,92,95,8.61,overcast clouds
459,Biloela,AU,-24.4167,150.5,92.14,36,0,2.66,clear sky
460,Port Macquarie,AU,-31.4333,152.9167,80.56,86,100,5.86,overcast clouds
461,Saint-Georges,GD,12.0564,-61.7485,80.28,78,75,20.71,broken clouds
462,Ellisras,ZA,-23.6649,27.7443,67.39,92,88,4.76,overcast clouds
463,Sumbe,AO,-11.2061,13.8437,73.94,83,100,9.19,overcast clouds
464,Waslala,NI,13.2333,-85.3833,68.94,96,98,2.71,overcast clouds
465,Kotido,UG,2.9806,34.1331,69.46,70,84,11.7,broken clouds
466,Sola,VU,-13.8833,167.55,82.72,71,21,5.88,few clouds
467,Dossor,KZ,47.5272,52.9811,21.38,49,36,18.61,scattered clouds
468,Mardin,TR,37.3131,40.7436,34.86,48,75,4.61,light snow
469,Shatsk,RU,54.0258,41.7119,-3.86,94,100,7.52,overcast clouds
470,Seymchan,RU,62.8833,152.4333,-25.55,96,100,2.77,overcast clouds
471,Porto Novo,BJ,6.4965,2.6036,78.62,44,83,3.09,broken clouds
472,Meadow Lake,US,34.8014,-106.5436,48.15,38,73,2.35,broken clouds
473,Dawlatabad,AF,36.4141,64.9053,48.29,76,1,5.28,clear sky
474,Aksarka,RU,66.5606,67.7975,13.91,96,100,7.4,light snow
475,Belyy Yar,RU,53.6039,91.3903,3.09,80,90,0.0,mist
476,Katsuura,JP,35.1333,140.3,51.91,41,81,7.16,broken clouds
477,Half Moon Bay,US,37.4636,-122.4286,60.98,96,90,4.0,mist
478,Tazovskiy,RU,67.4667,78.7,12.65,90,100,23.0,overcast clouds
479,Ugoofaaru,MV,5.6667,73.0,81.05,71,92,9.8,overcast clouds
480,Kenai,US,60.5544,-151.2583,17.15,90,90,8.05,light snow
481,Nouadhibou,MR,20.931,-17.0347,67.98,52,0,10.36,clear sky
482,Walvis Bay,NA,-22.9575,14.5053,63.09,88,0,9.22,clear sky
483,Coihueco,CL,-36.6167,-71.8333,61.54,59,0,4.61,clear sky
484,Macatuba,BR,-22.5022,-48.7114,67.71,95,36,8.68,scattered clouds
485,Dekar,BW,-21.5333,21.9333,69.93,71,63,4.88,broken clouds
486,Palmas,BR,-10.2128,-48.3603,73.27,100,75,3.44,broken clouds
487,Bialogard,PL,54.007,15.9875,30.74,81,100,8.48,overcast clouds
488,Ulaangom,MN,49.9811,92.0667,-1.91,91,97,2.89,overcast clouds
489,Gigmoto,PH,13.7796,124.39,81.43,74,98,8.41,overcast clouds
490,Presidencia Roque Saenz Pena,AR,-26.7852,-60.4388,73.29,85,75,3.76,broken clouds
491,Nador,MA,35.174,-2.9287,59.25,77,0,4.61,clear sky
492,Moron,AR,-34.6534,-58.6198,77.99,51,69,5.01,broken clouds
493,Phan Thiet,VN,10.9333,108.1,81.75,65,11,8.37,few clouds
494,Kvam,NO,61.6656,9.6898,11.75,95,38,4.83,scattered clouds
495,Huzhou,CN,30.8703,120.0933,55.8,59,0,9.37,clear sky
496,Ahipara,NZ,-35.1667,173.1667,72.41,62,94,12.28,overcast clouds
497,Charters Towers,AU,-20.1,146.2667,97.38,25,18,3.89,few clouds
498,Myanaung,MM,18.2833,95.3167,70.86,64,0,4.05,clear sky
499,Champerico,GT,14.3,-91.9167,81.36,74,32,1.83,scattered clouds
500,Abu Samrah,SY,35.3029,37.1841,45.05,73,93,5.99,overcast clouds
501,Whithorn,JM,18.2604,-78.0378,76.26,93,3,3.0,clear sky
502,Omaruru,NA,-21.4333,15.9333,59.76,29,0,1.9,clear sky
503,Sinnamary,GF,5.3833,-52.95,77.77,91,100,9.33,overcast clouds
504,Georgetown,MY,5.4112,100.3354,84.13,80,20,1.01,few clouds
505,Tromso,NO,69.6496,18.957,20.05,79,75,5.99,light shower snow
506,Kuala Sungai Baru,MY,2.3594,102.0353,78.94,77,100,5.46,moderate rain
507,Bhadrachalam,IN,17.6667,80.8833,65.35,49,0,1.1,clear sky
508,Darnah,LY,32.767,22.6367,55.69,77,100,3.13,overcast clouds
509,Rahuri,IN,19.3833,74.65,68.88,47,0,1.68,clear sky
510,Yichun,CN,47.7,128.9,-12.14,71,28,4.41,scattered clouds
511,Carutapera,BR,-1.195,-46.02,80.19,80,99,8.97,overcast clouds
512,Kampot,KH,10.6167,104.1833,77.05,93,100,4.5,overcast clouds
513,Portobelo,PA,9.55,-79.65,76.96,84,65,8.01,broken clouds
514,Eyl,SO,7.9803,49.8164,73.81,73,26,11.63,scattered clouds
515,Nevers,FR,46.9167,3.3333,28.99,80,100,4.63,overcast clouds
516,Tombouctou,ML,20.0,-3.0,66.6,23,100,11.07,overcast clouds
517,Princeton,US,25.5384,-80.4089,64.0,82,1,4.61,clear sky
518,Melfi,IT,40.9965,15.6514,41.4,86,17,2.55,few clouds
519,Chara,RU,56.9064,118.2631,-24.2,93,100,1.36,overcast clouds
520,Chaihe,CN,44.7667,129.7,0.68,66,5,6.33,clear sky
521,Quelimane,MZ,-17.8786,36.8883,74.08,92,99,4.63,light rain
522,Ixtapa,MX,20.7,-105.2,73.22,88,1,0.0,clear sky
523,Akdepe,TM,42.0551,59.3788,33.89,74,100,11.74,overcast clouds
524,Caramay,PH,10.1815,119.236,83.79,70,98,8.01,overcast clouds
525,Honningsvag,NO,70.9821,25.9704,20.75,70,100,28.27,light snow
526,Umba,RU,66.6871,34.3429,13.46,93,100,9.57,light snow
527,Gizo,SB,-8.103,156.8419,85.64,67,95,3.62,moderate rain
528,Trairi,BR,-3.2778,-39.2689,80.13,79,38,9.98,scattered clouds
529,Mahanje,TZ,-9.9333,35.3333,63.3,90,90,3.38,overcast clouds
530,Mogadishu,SO,2.0371,45.3438,78.82,84,100,16.28,overcast clouds
531,Mingoyo,TZ,-10.1,39.6333,78.4,82,100,2.33,overcast clouds
532,Vryburg,ZA,-26.9566,24.7284,62.96,84,35,9.15,scattered clouds
533,Paita,PE,-5.0892,-81.1144,68.4,85,59,7.29,broken clouds
534,Umm Kaddadah,SD,13.6017,26.6876,59.2,15,1,12.95,clear sky
535,Liwale,TZ,-9.7667,37.9333,70.75,88,100,5.14,overcast clouds
536,Saint-Francois,FR,46.4154,3.9054,29.68,97,90,5.75,fog
537,San Policarpo,PH,12.1791,125.5072,81.54,71,100,8.72,overcast clouds
538,Dudinka,RU,69.4058,86.1778,9.63,83,100,27.67,overcast clouds
539,Clifton,US,40.8584,-74.1638,35.69,50,1,7.0,clear sky
540,Saint-Denis,FR,48.9167,2.3333,30.07,95,100,5.75,mist
541,Kautokeino,NO,69.0125,23.0412,10.15,91,100,13.56,light snow
542,Bentiu,SS,9.2333,29.8333,73.2,27,61,6.24,broken clouds
543,Youghal,IE,51.95,-7.8506,52.81,100,100,20.94,overcast clouds
544,Calabar,NG,4.9517,8.322,75.88,77,25,2.89,scattered clouds
545,Goma,CD,-1.6792,29.2228,63.36,88,100,2.95,overcast clouds
546,Wejherowo,PL,54.6057,18.2356,30.83,86,100,5.99,overcast clouds
547,Beringovskiy,RU,63.05,179.3167,3.79,94,100,17.74,light snow
548,Henties Bay,NA,-22.116,14.2845,62.85,85,0,3.49,clear sky
549,Coahuayana,MX,18.7333,-103.6833,70.45,89,0,2.95,clear sky
550,Russell,US,32.3502,-85.1999,47.48,84,1,0.0,clear sky
551,Severnoye,RU,56.3491,78.3619,16.16,91,72,8.37,broken clouds
552,Xinye,CN,32.5186,112.3522,50.7,40,36,11.32,scattered clouds
553,Mwinilunga,ZM,-11.7358,24.4293,62.62,98,100,1.63,light rain
554,Ingham,US,42.6,-84.3833,24.57,75,90,0.0,overcast clouds
555,Naryan-Mar,RU,67.6713,53.087,-22.27,100,85,4.09,overcast clouds
556,Kawalu,ID,-7.3817,108.2082,82.24,70,100,1.41,overcast clouds
557,Bagdarin,RU,54.4333,113.6,-18.87,77,73,3.67,broken clouds
558,Mayo,US,38.8876,-76.5119,38.34,51,0,5.01,clear sky
559,Qasigiannguit,GL,68.8193,-51.1922,35.85,69,51,9.44,broken clouds
560,Camalu,MX,30.85,-116.0667,56.43,70,99,4.76,overcast clouds
561,Makakilo City,US,21.3469,-158.0858,77.32,58,75,11.5,broken clouds
562,Ban Nahin,LA,18.2418,104.2122,79.99,46,3,0.67,clear sky
563,Necochea,AR,-38.5473,-58.7368,54.03,84,4,5.93,clear sky
564,Scarborough,GB,54.2797,-0.4044,39.9,90,100,4.0,overcast clouds
565,Ambilobe,MG,-13.2,49.05,78.19,85,99,4.45,overcast clouds
566,Fort Nelson,CA,58.8053,-122.7002,2.79,92,90,2.3,light snow
567,Gberia Fotombu,SL,9.8833,-11.1667,67.01,26,36,5.5,scattered clouds
568,La Asuncion,VE,11.0333,-63.8628,78.53,100,84,11.5,broken clouds
569,Yartsevo,RU,55.0667,32.6964,6.46,97,93,5.5,overcast clouds
570,Qarchi Gak,AF,37.04,66.7889,46.49,86,8,8.66,clear sky
571,Esfarayen,IR,37.0765,57.5101,24.46,53,0,4.68,clear sky
572,Kuli,RU,42.0185,47.2434,12.54,85,8,6.08,clear sky
573,Yeppoon,AU,-23.1333,150.7333,89.38,57,4,10.94,clear sky
574,Kamenka,RU,51.3223,42.7678,-0.99,97,95,6.73,overcast clouds
575,Sisimiut,GL,66.9395,-53.6735,28.31,92,100,6.89,overcast clouds
576,Chum Phae,TH,16.5443,102.0992,77.97,52,4,2.86,clear sky
577,Pangnirtung,CA,66.1451,-65.7125,12.2,57,90,0.0,overcast clouds
578,Turochak,RU,52.2576,87.1224,-3.82,99,24,3.96,few clouds
579,Ogulin,HR,45.2661,15.2286,40.03,95,48,2.84,scattered clouds
580,Northam,GB,51.0333,-4.2167,51.03,93,100,13.96,overcast clouds
581,Mizan Teferi,ET,6.9833,35.5833,62.38,89,66,2.51,light rain
582,Council Bluffs,US,41.2619,-95.8608,43.23,62,1,11.5,clear sky
583,Aldan,RU,58.6031,125.3894,-35.95,96,99,1.21,overcast clouds
584,Lakes Entrance,AU,-37.8811,147.981,68.58,63,99,7.83,overcast clouds
585,Hondo,JP,32.45,130.2,51.75,58,0,6.51,clear sky
586,Lokosovo,RU,61.1333,74.8167,26.47,92,100,16.35,light snow
587,Porkhov,RU,57.765,29.5561,15.69,95,70,7.18,broken clouds
588,Rosario,AR,-32.9468,-60.6393,78.82,52,0,1.99,clear sky
589,Tank,PK,32.2217,70.3793,55.17,21,1,4.09,clear sky
590,Ascension,US,30.2169,-90.9001,50.0,86,1,0.0,clear sky
591,Kushiro,JP,42.975,144.3747,32.95,59,20,6.91,few clouds
592,Nara,JP,34.6851,135.8049,50.97,49,4,2.28,clear sky
593,Sambava,MG,-14.2667,50.1667,77.74,89,86,4.79,overcast clouds
594,Sao Joao Da Barra,BR,-21.6403,-41.0511,75.97,93,97,7.87,moderate rain
595,Waipawa,NZ,-41.4122,175.5153,70.43,51,17,4.25,few clouds
596,Ampanihy,MG,-24.7,44.75,69.44,88,90,3.58,overcast clouds
597,Pandharpur,IN,17.6667,75.3333,71.87,43,4,4.61,clear sky
598,Sabla,NG,12.7525,4.7077,65.44,24,16,10.51,few clouds
599,Banikoara,BJ,11.2985,2.4386,68.09,25,1,5.08,clear sky
600,Puerto Madero,MX,14.7208,-92.4215,79.38,77,4,2.44,clear sky
601,Dawei,MM,14.0833,98.2,80.71,56,6,1.3,clear sky
602,Kabalo,CD,-6.05,26.9167,69.03,99,100,1.59,moderate rain
603,Japoata,BR,-10.3467,-36.8011,76.93,83,99,8.12,overcast clouds
604,Ponedera,CO,10.641,-74.7503,78.94,92,50,5.57,scattered clouds
605,Ulaanbaatar,MN,47.9077,106.8832,-11.07,70,9,2.24,clear sky
606,Bubaque,GW,11.2833,-15.8333,80.98,63,13,2.39,few clouds
607,Vostok,RU,46.4856,135.8833,-8.19,80,20,3.87,few clouds
608,Wanning,CN,18.8003,110.3967,72.84,77,98,5.75,overcast clouds
609,Port Blair,IN,11.6667,92.75,79.05,72,97,8.55,overcast clouds
610,Santa Rosa,PH,14.3122,121.1114,85.08,71,100,8.97,overcast clouds
611,Babu,CN,24.4167,111.5167,67.62,57,4,1.99,clear sky
612,Altar,MX,30.7,-111.8167,63.73,28,100,1.95,overcast clouds
613,Kupang,ID,-10.1667,123.5833,86.58,74,20,6.91,few clouds
614,Gamba,GA,-2.65,10.0,77.56,89,82,5.19,moderate rain
615,Tambun,ID,-6.2641,107.0712,92.48,62,20,8.05,few clouds
616,Huntsville,US,34.7304,-86.5861,37.81,72,1,0.0,clear sky
617,Hauknes,NO,66.2833,14.0667,25.61,97,100,4.83,light snow
618,Vallenar,CL,-28.5708,-70.7581,66.52,62,76,4.09,broken clouds
619,Sai Buri,TH,6.7013,101.6168,83.91,81,10,4.38,clear sky
620,Podporozhye,RU,60.9112,34.1706,12.74,95,100,6.08,overcast clouds
621,Omsukchan,RU,62.5333,155.8,-18.6,96,100,7.45,overcast clouds
622,Badvel,IN,14.75,79.05,70.45,71,10,1.63,clear sky
623,Tecoanapa,MX,16.5167,-98.75,78.21,79,1,3.02,clear sky
624,Sungai Besar,MY,3.6746,100.9867,82.45,76,86,5.84,overcast clouds
625,Brigantine,US,39.4101,-74.3646,36.01,50,1,18.41,clear sky
626,Puerto Del Rosario,ES,28.5004,-13.8627,62.35,82,2,3.44,clear sky
627,Saint Anthony,US,45.0205,-93.218,24.73,76,1,3.0,clear sky
628,Uruzgan,AF,32.8333,66.0,40.89,72,6,2.62,clear sky
629,Bouna,CI,9.2667,-3.0,70.99,27,8,5.59,clear sky
630,Kieta,PG,-6.2167,155.6333,85.1,76,100,1.9,moderate rain
631,Smithers,CA,54.7804,-127.1743,3.52,85,40,0.0,scattered clouds
632,Pandan,PH,14.0453,124.1694,81.57,74,100,9.17,overcast clouds
633,Petropavlovsk-Kamchatskiy,RU,53.0452,158.6483,16.39,73,75,6.71,light snow
634,Yerbogachen,RU,61.2767,108.0108,-32.37,99,27,4.05,scattered clouds
635,Manokwari,ID,-0.8667,134.0833,79.34,82,100,3.31,light rain
636,Adrar,MR,20.5022,-10.0711,63.97,32,0,9.28,clear sky
637,Alofi,NU,-19.0595,-169.9187,85.89,62,40,12.66,scattered clouds
638,Nongan,CN,44.382,125.1685,3.61,64,33,3.33,scattered clouds
639,Ngunguru,NZ,-35.6167,174.5,81.16,57,100,13.0,overcast clouds
640,Vila Franca Do Campo,PT,37.7167,-25.4333,61.21,74,46,23.6,scattered clouds
641,Cooma,AU,-36.2333,149.1333,76.77,31,2,6.91,clear sky
642,Bermejo,AR,-32.8833,-68.8,76.91,61,0,2.3,clear sky
643,Aripuana,BR,-9.1667,-60.6333,73.63,97,100,1.54,overcast clouds
644,Itarema,BR,-2.9248,-39.9167,80.01,80,42,12.73,scattered clouds
645,Brande,DK,55.9381,9.1218,33.75,88,100,8.52,overcast clouds
646,Pyshma,RU,56.9523,63.2513,-2.31,95,6,6.6,clear sky
647,Hoopstad,ZA,-27.8327,25.9083,60.04,83,30,10.07,scattered clouds
648,Ballina,AU,-28.8667,153.5667,86.18,68,97,14.97,overcast clouds
649,Cedar Falls,US,42.5278,-92.4455,28.72,63,66,4.0,broken clouds
650,Joshimath,IN,30.5667,79.5667,44.22,43,1,4.9,clear sky
651,Rundu,NA,-17.9333,19.7667,66.9,88,74,5.06,broken clouds
652,Havre-Saint-Pierre,CA,50.2334,-63.5986,25.39,92,90,23.02,snow
653,Tibacuy,CO,4.3511,-72.4564,83.14,55,100,4.79,overcast clouds
654,Bitkine,TD,11.9801,18.2138,69.55,21,7,8.08,clear sky
655,Yima,CN,34.7381,111.8839,39.85,54,99,5.41,overcast clouds
656,Bonavista,CA,48.6499,-53.1147,31.12,72,100,12.82,overcast clouds
657,Mollendo,PE,-17.0231,-72.0147,67.46,82,100,3.47,overcast clouds
658,Zhicheng,CN,30.2956,111.5047,57.15,44,0,2.73,clear sky
659,San Felipe,VE,10.3399,-68.7425,73.51,94,100,2.35,overcast clouds
660,Yuancheng,CN,36.652,107.7896,36.37,33,100,3.67,overcast clouds
661,Karad,IN,17.2833,74.2,70.23,48,5,0.29,clear sky
662,Zwedru,LR,6.0667,-8.1281,70.25,82,2,0.67,clear sky
663,Caete,BR,-19.88,-43.6697,74.43,96,45,0.96,scattered clouds
664,Nelson Bay,AU,-32.7167,152.15,77.11,79,100,1.01,light rain
665,Marsh Harbour,BS,26.5412,-77.0636,70.12,68,98,13.96,overcast clouds
666,Palembang,ID,-2.9167,104.7458,77.09,94,40,5.75,light rain
667,Colorado Springs,US,38.8339,-104.8214,55.78,24,75,1.01,broken clouds
668,Padang,ID,-0.9492,100.3543,75.25,82,100,2.51,overcast clouds
669,Lima,PE,-12.0432,-77.0282,67.89,78,0,13.8,clear sky
670,Playas,EC,-2.6333,-80.3833,72.3,81,100,7.29,overcast clouds
671,Kiama,AU,-34.6833,150.8667,73.99,92,100,1.01,overcast clouds
672,Goreloye,RU,52.937,41.5043,-1.73,90,94,7.99,overcast clouds
673,Farafangana,MG,-22.8167,47.8333,76.8,77,39,5.17,scattered clouds
674,Hambantota,LK,6.1241,81.1185,77.34,100,40,5.75,scattered clouds
675,Santa Cruz,BO,-17.8,-63.1667,76.46,88,90,2.3,heavy intensity rain
676,Bose,IT,45.4612,8.0137,36.73,84,88,2.71,overcast clouds
677,Asyut,EG,27.181,31.1837,50.34,81,100,6.96,overcast clouds
678,Dwarka,IN,22.2394,68.9678,71.94,76,6,5.44,clear sky
679,Mujiayingzi,CN,42.1167,118.7833,13.12,83,100,6.55,light snow
680,Isola Della Scala,IT,45.2722,11.009,36.75,79,88,4.14,overcast clouds
681,Atar,MR,20.5169,-13.0499,67.24,27,0,7.23,clear sky
682,Ankara,TR,39.9199,32.8543,24.35,83,75,1.99,broken clouds
683,Blagoyevo,RU,63.3667,47.9167,-13.92,99,99,4.36,overcast clouds
